<?xml version="1.0" ?>
<LOG_ROOT>
	<PROJECT NAME="SDp2">
		<CBX_INST_ENTRY INSTANCE_NAME="|CPU|CONTROLE:CONTROLE|lpm_mux:Mux0" CBX_FILE_NAME="mux_lpc.tdf"/>
		<CBX_INST_ENTRY INSTANCE_NAME="|CPU|CONTROLE:CONTROLE|lpm_mux:Mux4" CBX_FILE_NAME="mux_lpc.tdf"/>
		<CBX_INST_ENTRY INSTANCE_NAME="|CPU|REGISTRADORy:Ry|lpm_mux:Mux2" CBX_FILE_NAME="mux_lpc.tdf"/>
		<CBX_INST_ENTRY INSTANCE_NAME="|CPU|CONTROLE:CONTROLE|lpm_mux:Mux1" CBX_FILE_NAME="mux_lpc.tdf"/>
		<CBX_INST_ENTRY INSTANCE_NAME="|CPU|CONTROLE:CONTROLE|lpm_mux:Mux3" CBX_FILE_NAME="mux_lpc.tdf"/>
		<CBX_INST_ENTRY INSTANCE_NAME="|CPU|REGISTRADORy:Ry|lpm_mux:Mux1" CBX_FILE_NAME="mux_lpc.tdf"/>
		<CBX_INST_ENTRY INSTANCE_NAME="|CPU|REGISTRADORy:Ry|lpm_mux:Mux3" CBX_FILE_NAME="mux_lpc.tdf"/>
		<CBX_INST_ENTRY INSTANCE_NAME="|CPU|CONTROLE:CONTROLE|lpm_mux:Mux2" CBX_FILE_NAME="mux_lpc.tdf"/>
		<CBX_INST_ENTRY INSTANCE_NAME="|CPU|REGISTRADORy:Ry|lpm_mux:Mux0" CBX_FILE_NAME="mux_lpc.tdf"/>
	</PROJECT>
</LOG_ROOT>
